Symbol;Full Name;GICS Sector;Sub Industry;Environment Score;Social Score;Governance Score;ESG Total Score;Controversy Level;Percentile;Rating Year;Rating Month;Market Cap;beta;Overall Risk;Rating Date
A;Agilent Technologies;Health Care;Life Sciences Tools & Services;1.12;6.42;6.1;13.64;2.0;7.98;2023;9;39751831552;1.054;8;2023-09-01
AAL;American Airlines Group;Industrials;Passenger Airlines;9.94;11.65;4.76;26.35;2.0;54.48;2023;9;7335383552;1.433;10;2023-09-01
AAPL;Apple Inc.;Information Technology;Technology Hardware, Storage & Peripherals;0.46;7.39;9.37;17.22;3.0;17.82;2023;9;3296096681984;1.24;1;2023-09-01
ABBV;AbbVie;Health Care;Biotechnology;2.38;17.19;10.36;29.93;3.0;68.62;2023;9;341698445312;0.619;6;2023-09-01
ABT;Abbott Laboratories;Health Care;Health Care Equipment;2.27;14.24;8.33;24.83;3.0;48.27;2023;9;205534380032;0.722;7;2023-09-01
ACGL;Arch Capital Group;Financials;Property & Casualty Insurance;1.47;10.1;10.89;22.46;2.0;37.87;2023;9;42855567360;0.596;5;2023-09-01
ACN;Accenture;Information Technology;IT Consulting & Other Services;0.82;4.61;4.41;9.84;2.0;2.63;2023;9;211116474368;1.239;2;2023-09-01
ADBE;Adobe Inc.;Information Technology;Application Software;1.94;5.99;5.15;13.08;2.0;6.85;2023;9;231233028096;1.296;1;2023-09-01
ADI;Analog Devices;Information Technology;Semiconductors;9.27;6.68;6.98;22.92;1.0;39.7;2023;9;111884697600;1.073;9;2023-09-01
ADM;Archer Daniels Midland;Consumer Staples;Agricultural Products & Services;16.64;10.15;5.01;31.79;3.0;74.94;2023;9;28908466176;0.714;4;2023-09-01
ADP;Automatic Data Processing;Industrials;Human Resource & Employment Services;2.8;5.54;5.49;13.82;1.0;8.36;2023;9;113942003712;0.802;2;2023-09-01
ADSK;Autodesk;Information Technology;Application Software;3.68;8.19;4.89;16.76;0.0;16.44;2023;9;57698152448;1.476;2;2023-09-01
AEE;Ameren;Utilities;Multi-Utilities;12.85;9.07;5.25;27.17;2.0;57.57;2023;9;22804828160;0.458;7;2023-09-01
AEP;American Electric Power;Utilities;Electric Utilities;12.66;8.1;5.38;26.14;2.0;53.69;2023;9;55846035456;0.533;2;2023-09-01
AES;AES Corporation;Utilities;Independent Power Producers & Energy Traders;13.26;8.18;5.26;26.69;2.0;55.64;2023;9;13678178304;1.062;4;2023-09-01
AFL;Aflac;Financials;Life & Health Insurance;0.3;9.14;8.9;18.33;1.0;21.68;2023;9;61698056192;0.949;6;2023-09-01
AIG;American International Group;Financials;Multi-line Insurance;1.65;9.67;12.86;24.18;2.0;45.53;2023;9;47394791424;1.075;2;2023-09-01
AIZ;Assurant;Financials;Multi-line Insurance;1.63;10.82;11.66;24.11;2.0;45.18;2023;9;10138020864;0.563;1;2023-09-01
AJG;Arthur J. Gallagher & Co.;Financials;Insurance Brokers;0.09;10.92;10.15;21.16;2.0;32.55;2023;9;65631498240;0.729;7;2023-09-01
AKAM;Akamai Technologies;Information Technology;Internet Services & Infrastructure;3.0;7.09;6.93;17.01;1.0;17.19;2023;9;15044968448;0.676;3;2023-09-01
ALB;Albemarle Corporation;Materials;Specialty Chemicals;15.39;4.85;6.33;26.57;2.0;55.2;2023;9;10556814336;1.543;7;2023-09-01
ALL;Allstate;Financials;Property & Casualty Insurance;1.03;10.13;10.88;22.04;2.0;36.23;2023;9;50315587584;0.477;4;2023-09-01
ALLE;Allegion;Industrials;Building Products;10.9;5.84;5.04;21.78;0.0;35.28;2023;9;12491554816;1.123;6;2023-09-01
AMAT;Applied Materials;Information Technology;Semiconductor Materials & Equipment;4.49;2.97;5.28;12.74;1.0;6.15;2023;9;155474345984;1.541;1;2023-09-01
AME;Ametek;Industrials;Electrical Components & Equipment;8.65;8.51;6.73;23.9;1.0;44.04;2023;9;39030026240;1.173;8;2023-09-01
AMGN;Amgen;Health Care;Biotechnology;0.73;13.48;7.75;21.96;3.0;35.92;2023;9;178823086080;0.605;2;2023-09-01
AMP;Ameriprise Financial;Financials;Asset Management & Custody Banks;2.08;7.83;10.34;20.27;2.0;28.96;2023;9;44403879936;1.346;5;2023-09-01
AMT;American Tower;Real Estate;Telecom Tower REITs;2.9;2.85;5.16;10.9;1.0;3.52;2023;9;112249135104;0.83;1;2023-09-01
AMZN;Amazon;Consumer Discretionary;Broadline Retail;6.0;15.39;9.22;30.61;3.0;71.14;2023;9;1961417768960;1.146;9;2023-09-01
ANET;Arista Networks;Information Technology;Communications Equipment;0.4;8.88;7.39;16.67;1.0;16.21;2023;9;113393524736;1.073;10;2023-09-01
ANSS;Ansys;Information Technology;Application Software;3.51;7.32;5.07;15.89;0.0;13.72;2023;9;27723399168;1.114;2;2023-09-01
AOS;A. O. Smith;Industrials;Building Products;7.15;11.87;6.42;25.44;1.0;50.86;2023;9;11915595776;1.147;10;2023-09-01
APA;APA Corporation;Energy;Oil & Gas Exploration & Production;21.98;8.88;7.96;38.81;2.0;82.83;2021;3;9340100608;3.243;9;2021-03-01
APD;Air Products;Materials;Industrial Gases;7.42;1.5;3.35;12.26;1.0;5.41;2023;9;64722276352;0.828;7;2023-09-01
APH;Amphenol;Information Technology;Electronic Components;7.32;4.64;7.6;19.57;2.0;26.41;2023;9;77062520832;1.246;8;2023-09-01
APTV;Aptiv;Consumer Discretionary;Automotive Parts & Equipment;1.45;3.94;5.26;10.66;1.0;3.23;2023;9;16498891776;1.793;6;2023-09-01
ARE;Alexandria Real Estate Equities;Real Estate;Office REITs;3.91;3.66;6.32;13.89;0.0;8.53;2023;9;21814970368;1.173;9;2023-09-01
ATO;Atmos Energy;Utilities;Gas Utilities;14.83;13.42;6.36;34.61;2.0;82.5;2023;9;21445437440;0.67;8;2023-09-01
AVB;AvalonBay Communities;Real Estate;Multi-Family Residential REITs;2.96;2.05;4.75;9.76;1.0;2.56;2023;9;33116518400;0.986;6;2023-09-01
AVGO;Broadcom;Information Technology;Semiconductors;7.34;6.0;6.64;19.98;3.0;27.91;2023;9;758829154304;1.183;9;2023-09-01
AVY;Avery Dennison;Materials;Paper & Plastic Packaging Products & Materials;11.42;0.95;3.71;16.07;1.0;14.23;2023;9;17797928960;0.895;7;2023-09-01
AWK;American Water Works;Utilities;Water Utilities;9.04;7.58;5.0;21.62;1.0;34.43;2023;9;29209964544;0.691;2;2023-09-01
AXP;American Express;Financials;Consumer Finance;0.05;8.85;9.7;18.61;2.0;22.7;2023;9;188676046848;1.212;3;2023-09-01
AZO;AutoZone;Consumer Discretionary;Automotive Retail;0.11;7.07;3.83;11.02;2.0;3.67;2023;9;52974329856;0.709;6;2023-09-01
BA;Boeing;Industrials;Aerospace & Defense;8.84;22.48;8.29;39.6;4.0;91.3;2023;9;96371113984;1.575;9;2023-09-01
BAC;Bank of America;Financials;Diversified Banks;1.73;15.09;11.48;28.3;3.0;62.26;2023;9;306891390976;1.34;2;2023-09-01
BALL;Ball Corporation;Materials;Metal, Glass & Plastic Containers;7.6;0.76;3.74;12.1;2.0;5.17;2023;9;20405639168;0.878;8;2023-09-01
BAX;Baxter International;Health Care;Health Care Equipment;2.83;13.6;7.14;23.57;3.0;42.59;2023;9;20539770880;0.593;4;2023-09-01
BBWI;Bath & Body Works, Inc.;Consumer Discretionary;Other Specialty Retail;12.17;10.25;5.88;28.3;2.0;62.27;2023;9;6389305856;1.753;8;2023-09-01
BBY;Best Buy;Consumer Discretionary;Computer & Electronics Retail;2.4;9.09;4.4;15.89;2.0;13.69;2023;9;21360842752;1.479;1;2023-09-01
BDX;Becton Dickinson;Health Care;Health Care Equipment;3.04;13.65;7.13;23.82;3.0;43.69;2023;9;67647401984;0.447;10;2023-09-01
BEN;Franklin Templeton;Financials;Asset Management & Custody Banks;1.12;9.88;7.3;18.3;2.0;21.58;2023;9;10643009536;1.408;7;2023-09-01
BG;Bunge Global;Consumer Staples;Agricultural Products & Services;14.39;13.26;5.27;32.92;3.0;78.24;2023;9;13837887488;0.637;3;2023-09-01
BIIB;Biogen;Health Care;Biotechnology;0.42;14.46;7.37;22.24;3.0;37.02;2023;9;29071065088;-0.057;3;2023-09-01
BIO;Bio-Rad Laboratories;Health Care;Life Sciences Tools & Services;1.21;9.18;7.0;17.4;1.0;18.38;2023;9;9264203776;0.947;10;2023-09-01
BK;BNY Mellon;Financials;Asset Management & Custody Banks;1.13;9.86;9.94;20.93;2.0;31.45;2023;9;52254806016;1.067;1;2023-09-01
BKNG;Booking Holdings;Consumer Discretionary;Hotels, Resorts & Cruise Lines;0.98;10.13;8.13;19.23;3.0;25.19;2023;9;135520034816;1.4;1;2023-09-01
BLK;BlackRock;Financials;Asset Management & Custody Banks;0.9;7.36;9.99;18.25;2.0;21.43;2023;9;133984739328;1.317;9;2023-09-01
BMY;Bristol Myers Squibb;Health Care;Pharmaceuticals;1.31;14.37;7.07;22.74;2.0;39.01;2023;9;100336025600;0.458;4;2023-09-01
BR;Broadridge Financial Solutions;Industrials;Data Processing & Outsourced Services;4.19;7.5;4.94;16.63;2.0;16.04;2023;9;24700252160;1.059;3;2023-09-01
BRO;Brown & Brown;Financials;Insurance Brokers;0.13;9.77;10.58;20.48;1.0;29.78;2023;9;29438932992;0.829;4;2023-09-01
BSX;Boston Scientific;Health Care;Health Care Equipment;2.36;11.85;8.89;23.11;2.0;40.67;2023;9;122978729984;0.797;8;2023-09-01
BWA;BorgWarner;Consumer Discretionary;Automotive Parts & Equipment;2.67;4.21;5.71;12.59;2.0;5.92;2023;9;7493600256;1.182;1;2023-09-01
BX;Blackstone Inc.;Financials;Asset Management & Custody Banks;2.52;9.57;11.29;23.39;2.0;41.78;2023;9;188779577344;1.5;10;2023-09-01
BXP;BXP, Inc.;Real Estate;Office REITs;2.54;4.52;5.45;12.51;1.0;5.77;2023;9;14431182848;1.199;10;2023-09-01
C;Citigroup;Financials;Diversified Banks;1.8;13.75;13.69;29.24;4.0;65.93;2023;9;113113464832;1.435;1;2023-09-01
CAG;Conagra Brands;Consumer Staples;Packaged Foods & Meats;10.71;15.42;4.7;30.83;2.0;71.86;2023;9;15617014784;0.309;6;2023-09-01
CAH;Cardinal Health;Health Care;Health Care Distributors;1.17;7.33;6.36;14.86;3.0;10.83;2023;9;27622834176;0.616;1;2023-09-01
CAT;Caterpillar Inc.;Industrials;Construction Machinery & Heavy Transportation Equipment;10.43;17.69;8.06;36.17;4.0;86.38;2023;9;171503566848;1.089;6;2023-09-01
CB;Chubb Limited;Financials;Property & Casualty Insurance;1.46;11.54;10.61;23.6;2.0;42.77;2023;9;117455929344;0.674;8;2023-09-01
CBOE;Cboe Global Markets;Financials;Financial Exchanges & Data;2.73;7.58;10.64;20.95;1.0;31.57;2023;9;22355052544;0.673;2;2023-09-01
CBRE;CBRE Group;Real Estate;Real Estate Services;1.46;1.89;4.64;7.98;1.0;1.56;2023;9;36618518528;1.4;3;2023-09-01
CCI;Crown Castle;Real Estate;Telecom Tower REITs;4.08;1.67;4.35;10.1;0.0;2.79;2023;9;52256673792;0.861;4;2023-09-01
CCL;Carnival;Consumer Discretionary;Hotels, Resorts & Cruise Lines;9.4;10.13;4.96;24.49;3.0;46.81;2023;9;23359668224;2.693;10;2023-09-01
CDNS;Cadence Design Systems;Information Technology;Application Software;2.33;4.88;4.81;12.02;0.0;5.06;2023;9;75243003904;1.02;3;2023-09-01
CDW;CDW;Information Technology;Technology Distributors;2.48;3.21;3.52;9.21;0.0;2.18;2023;9;29830193152;1.033;3;2023-09-01
CE;Celanese;Materials;Specialty Chemicals;14.7;5.86;5.57;26.13;2.0;53.65;2023;9;13741040640;1.294;5;2023-09-01
CF;CF Industries;Materials;Fertilizers & Agricultural Chemicals;16.19;7.73;5.42;29.33;1.0;66.33;2023;9;14698166272;0.946;2;2023-09-01
CFG;Citizens Financial Group;Financials;Regional Banks;1.96;10.15;11.43;23.54;2.0;42.45;2023;9;18201001984;1.328;9;2023-09-01
CHD;Church & Dwight;Consumer Staples;Household Products;6.89;6.31;6.66;19.86;1.0;27.47;2023;9;25759404032;0.54;4;2023-09-01
CHRW;C.H. Robinson;Industrials;Air Freight & Logistics;4.73;9.29;5.3;19.32;1.0;25.57;2023;9;11764709376;0.825;9;2023-09-01
CHTR;Charter Communications;Communication Services;Cable & Satellite;6.05;10.72;7.95;24.72;2.0;47.74;2023;9;49012998144;1.051;10;2023-09-01
CI;Cigna;Health Care;Health Care Services;0.02;5.99;5.65;11.65;2.0;2.83;2021;3;102552567808;0.509;5;2021-03-01
CINF;Cincinnati Financial;Financials;Property & Casualty Insurance;1.76;10.97;12.88;25.61;1.0;51.6;2023;9;21433022464;0.671;8;2023-09-01
CL;Colgate-Palmolive;Consumer Staples;Household Products;8.32;11.31;6.54;26.17;2.0;53.82;2023;9;86145523712;0.399;1;2023-09-01
CLX;Clorox;Consumer Staples;Household Products;7.72;8.59;5.31;21.63;2.0;34.52;2023;9;20554795008;0.393;6;2023-09-01
CMCSA;Comcast;Communication Services;Cable & Satellite;3.96;10.9;8.23;23.09;2.0;40.6;2023;9;152111792128;1.01;10;2023-09-01
CME;CME Group;Financials;Financial Exchanges & Data;2.13;6.48;9.19;17.8;1.0;19.85;2023;9;78691844096;0.561;10;2023-09-01
CMG;Chipotle Mexican Grill;Consumer Discretionary;Restaurants;6.79;9.59;4.27;20.66;2.0;30.44;2023;9;80114573312;1.256;3;2023-09-01
CMI;Cummins;Industrials;Construction Machinery & Heavy Transportation Equipment;5.62;7.74;5.94;19.3;2.0;25.47;2023;9;41332305920;0.975;6;2023-09-01
CMS;CMS Energy;Utilities;Multi-Utilities;9.61;6.84;5.24;21.7;2.0;34.89;2023;9;21054464000;0.403;1;2023-09-01
CNC;Centene Corporation;Health Care;Managed Health Care;0.09;13.28;6.51;19.89;2.0;27.59;2023;9;40278089728;0.484;1;2023-09-01
CNP;CenterPoint Energy;Utilities;Multi-Utilities;12.92;10.67;5.14;28.73;2.0;64.04;2023;9;18456739840;0.913;4;2023-09-01
COF;Capital One;Financials;Consumer Finance;0.13;12.28;10.09;22.5;3.0;38.0;2023;9;55399669760;1.447;3;2023-09-01
COO;Cooper Companies (The);Health Care;Health Care Supplies;2.7;8.8;5.96;17.47;2.0;18.56;2023;9;22152052736;0.981;7;2023-09-01
COP;ConocoPhillips;Energy;Oil & Gas Exploration & Production;17.57;8.07;8.28;33.91;2.0;80.76;2023;9;125751771136;1.228;5;2023-09-01
COR;Cencora;Health Care;Health Care Distributors;1.57;5.53;5.65;12.75;3.0;6.2;2023;9;47284768768;0.441;3;2023-09-01
COST;Costco;Consumer Staples;Consumer Staples Merchandise Retail;6.52;11.22;5.55;23.29;3.0;41.46;2023;9;402490195968;0.788;2;2023-09-01
CPB;Campbell Soup Company;Consumer Staples;Packaged Foods & Meats;10.87;8.15;4.47;23.5;2.0;42.3;2023;9;15393454080;0.175;4;2023-09-01
CPRT;Copart;Industrials;Diversified Support Services;1.48;8.96;5.59;16.03;1.0;14.11;2023;9;48807755776;1.271;9;2023-09-01
CPT;Camden Property Trust;Real Estate;Multi-Family Residential REITs;4.0;3.93;8.17;16.09;1.0;14.31;2023;9;13321857024;0.916;7;2023-09-01
CRM;Salesforce;Information Technology;Application Software;2.01;7.48;5.39;14.88;1.0;10.87;2023;9;243961643008;1.297;9;2023-09-01
CSCO;Cisco;Information Technology;Communications Equipment;0.45;6.9;6.51;13.87;2.0;8.46;2023;9;201970843648;0.819;1;2023-09-01
CSGP;CoStar Group;Real Estate;Real Estate Services;4.86;9.34;7.71;21.91;1.0;35.72;2023;9;31924740096;0.816;4;2023-09-01
CSX;CSX Corporation;Industrials;Rail Transportation;7.04;10.03;4.84;21.91;2.0;35.73;2023;9;66052870144;1.189;4;2023-09-01
CTAS;Cintas;Industrials;Diversified Support Services;3.03;9.17;5.88;18.08;2.0;20.74;2023;9;82610397184;1.312;8;2023-09-01
CTRA;Coterra;Energy;Oil & Gas Exploration & Production;20.26;8.34;7.47;36.07;2.0;86.16;2023;9;17010694144;0.199;6;2023-09-01
CTSH;Cognizant;Information Technology;IT Consulting & Other Services;1.11;7.64;5.91;14.66;2.0;10.38;2023;9;38596894720;1.05;2;2023-09-01
CVS;CVS Health;Health Care;Health Care Services;0.03;15.76;6.17;21.97;3.0;35.97;2023;9;73428492288;0.528;5;2023-09-01
CVX;Chevron Corporation;Energy;Integrated Oil & Gas;17.01;9.18;10.42;36.6;3.0;87.22;2023;9;260253302784;1.08;1;2023-09-01
D;Dominion Energy;Utilities;Multi-Utilities;11.94;8.84;5.62;26.4;2.0;54.6;2023;9;49103040512;0.602;2;2023-09-01
DAL;Delta Air Lines;Industrials;Passenger Airlines;9.88;14.57;5.8;30.26;2.0;69.9;2023;9;30128158720;1.349;4;2023-09-01
DD;DuPont;Materials;Specialty Chemicals;14.66;7.99;5.94;28.6;3.0;63.49;2023;9;34593636352;1.325;8;2023-09-01
DE;Deere & Company;Industrials;Agricultural & Farm Machinery;2.67;10.79;6.49;19.95;2.0;27.77;2023;9;108859965440;0.929;7;2023-09-01
DFS;Discover Financial;Financials;Consumer Finance;0.13;11.87;10.51;22.5;2.0;38.02;2023;9;34542485504;1.41;7;2023-09-01
DG;Dollar General;Consumer Staples;Consumer Staples Merchandise Retail;3.5;8.56;5.53;17.59;2.0;19.04;2023;9;18914889728;0.444;9;2023-09-01
DGX;Quest Diagnostics;Health Care;Health Care Services;0.13;13.07;8.0;21.21;3.0;32.72;2023;9;17405513728;0.889;3;2023-09-01
DHI;DR Horton;Consumer Discretionary;Homebuilding;8.71;6.66;5.66;21.03;2.0;31.94;2023;9;63652651008;1.728;6;2023-09-01
DHR;Danaher Corporation;Health Care;Life Sciences Tools & Services;1.35;5.16;5.35;11.86;2.0;4.8;2023;9;199352418304;0.861;8;2023-09-01
DIS;Walt Disney Company (The);Communication Services;Movies & Entertainment;0.04;8.96;6.71;15.7;2.0;13.18;2023;9;168409972736;1.398;3;2023-09-01
DLR;Digital Realty;Real Estate;Data Center REITs;2.8;2.81;7.0;12.61;0.0;5.95;2023;9;53710041088;0.619;9;2023-09-01
DLTR;Dollar Tree;Consumer Staples;Consumer Staples Merchandise Retail;3.29;12.78;4.02;20.08;2.0;28.26;2023;9;15801912320;0.872;3;2023-09-01
DOV;Dover Corporation;Industrials;Industrial Machinery & Supplies & Components;7.98;12.48;5.42;25.88;1.0;52.67;2023;9;25890215936;1.218;4;2023-09-01
DPZ;Domino's;Consumer Discretionary;Restaurants;10.65;12.2;6.34;29.19;2.0;65.74;2023;9;14424346624;0.858;9;2023-09-01
DRI;Darden Restaurants;Consumer Discretionary;Restaurants;7.92;15.0;4.55;27.47;2.0;58.8;2023;9;19135490048;1.303;2;2023-09-01
DTE;DTE Energy;Utilities;Multi-Utilities;15.03;10.04;4.73;29.8;2.0;68.08;2023;9;26159034368;0.676;6;2023-09-01
DUK;Duke Energy;Utilities;Electric Utilities;11.52;10.68;4.81;27.01;2.0;56.89;2023;9;90888200192;0.457;2;2023-09-01
DVA;DaVita;Health Care;Health Care Services;0.07;14.08;8.42;22.56;2.0;38.3;2023;9;13859445760;0.863;2;2023-09-01
DVN;Devon Energy;Energy;Oil & Gas Exploration & Production;17.67;8.56;7.53;33.76;2.0;80.43;2023;9;25336051712;2.069;2;2023-09-01
DXCM;Dexcom;Health Care;Health Care Equipment;5.35;10.62;8.08;24.05;1.0;44.85;2023;9;28086915072;1.183;4;2023-09-01
EA;Electronic Arts;Communication Services;Interactive Home Entertainment;0.13;8.42;4.73;13.29;2.0;7.3;2023;9;38710616064;0.791;2;2023-09-01
EBAY;eBay;Consumer Discretionary;Broadline Retail;2.74;7.65;7.21;17.6;2.0;19.11;2023;9;31726319616;1.312;5;2023-09-01
ECL;Ecolab;Materials;Specialty Chemicals;8.54;6.05;5.27;19.86;2.0;27.49;2023;9;72044814336;1.136;4;2023-09-01
ED;Consolidated Edison;Utilities;Multi-Utilities;6.86;10.86;6.08;23.81;3.0;43.66;2023;9;36293570560;0.348;5;2023-09-01
EFX;Equifax;Industrials;Research & Consulting Services;0.08;16.3;6.78;23.16;3.0;40.91;2023;9;37629485056;1.583;6;2023-09-01
EG;Everest Group;Financials;Reinsurance;1.39;6.67;9.91;17.96;1.0;20.35;2023;9;16770212864;0.615;4;2023-09-01
EIX;Edison International;Utilities;Electric Utilities;10.98;11.42;5.11;27.51;3.0;59.05;2023;9;33307713536;0.921;1;2023-09-01
EL;Est√©e Lauder Companies (The);Consumer Staples;Personal Care Products;6.95;11.05;7.48;25.48;2.0;51.03;2023;9;30537748480;0.997;10;2023-09-01
ELV;Elevance Health;Health Care;Managed Health Care;0.07;6.03;5.29;11.38;2.0;4.15;2023;9;128348798976;0.832;1;2023-09-01
EMN;Eastman Chemical Company;Materials;Specialty Chemicals;12.84;5.85;6.59;25.27;2.0;50.1;2023;9;12378979328;1.45;7;2023-09-01
EMR;Emerson Electric;Industrials;Electrical Components & Equipment;8.77;13.05;6.55;28.36;1.0;62.49;2023;9;59430801408;1.293;8;2023-09-01
EOG;EOG Resources;Energy;Oil & Gas Exploration & Production;20.16;6.67;7.33;34.16;1.0;81.36;2023;9;70045835264;1.288;2;2023-09-01
EQIX;Equinix;Real Estate;Data Center REITs;3.44;5.31;5.13;13.88;1.0;8.5;2023;9;83225911296;0.7;5;2023-09-01
EQR;Equity Residential;Real Estate;Multi-Family Residential REITs;2.98;2.87;6.05;11.91;1.0;4.87;2023;9;30392528896;0.91;8;2023-09-01
EQT;EQT Corporation;Energy;Oil & Gas Exploration & Production;17.66;10.08;7.95;35.69;1.0;85.01;2023;9;19929661440;1.062;4;2023-09-01
ES;Eversource;Utilities;Electric Utilities;4.67;8.56;5.39;18.62;2.0;22.76;2023;9;24445104128;0.618;8;2023-09-01
ESS;Essex Property Trust;Real Estate;Multi-Family Residential REITs;3.46;2.84;6.13;12.44;1.0;5.7;2023;9;20950151168;0.895;8;2023-09-01
ETN;Eaton Corporation;Industrials;Electrical Components & Equipment;5.46;6.76;5.72;17.94;1.0;20.26;2023;9;124099715072;1.007;3;2023-09-01
ETR;Entergy;Utilities;Electric Utilities;14.04;7.3;5.32;26.67;2.0;55.54;2023;9;27601307648;0.723;3;2023-09-01
EW;Edwards Lifesciences;Health Care;Health Care Equipment;2.86;8.08;7.63;18.57;1.0;22.56;2023;9;40499355648;1.132;3;2023-09-01
EXC;Exelon;Utilities;Electric Utilities;7.38;9.05;6.44;22.86;3.0;39.46;2023;9;40450048000;0.601;1;2023-09-01
EXPD;Expeditors International;Industrials;Air Freight & Logistics;4.15;7.56;4.84;16.56;2.0;15.79;2023;9;17457532928;0.958;8;2023-09-01
EXPE;Expedia Group;Consumer Discretionary;Hotels, Resorts & Cruise Lines;4.27;13.31;10.08;27.65;2.0;59.72;2023;9;17677033472;1.793;10;2023-09-01
EXR;Extra Space Storage;Real Estate;Self-Storage REITs;4.23;3.72;7.26;15.2;1.0;11.76;2023;9;39176241152;0.871;8;2023-09-01
F;Ford Motor Company;Consumer Discretionary;Automobile Manufacturers;7.43;6.41;8.51;22.35;3.0;37.41;2023;9;43330224128;1.635;10;2023-09-01
FAST;Fastenal;Industrials;Trading Companies & Distributors;9.28;8.29;7.1;24.67;2.0;47.51;2023;9;40423079936;0.996;3;2023-09-01
FCX;Freeport-McMoRan;Materials;Copper;15.26;9.96;6.4;31.61;4.0;74.44;2023;9;61971775488;1.891;3;2023-09-01
FDS;FactSet;Financials;Financial Exchanges & Data;4.32;8.75;5.3;18.37;1.0;21.85;2023;9;17269403648;0.748;6;2023-09-01
FDX;FedEx;Industrials;Air Freight & Logistics;5.66;8.42;5.61;19.68;2.0;26.83;2023;9;72837300224;1.185;7;2023-09-01
FE;FirstEnergy;Utilities;Electric Utilities;10.77;8.99;5.79;25.56;3.0;51.31;2023;9;25536411648;0.489;7;2023-09-01
FFIV;F5, Inc.;Information Technology;Communications Equipment;4.14;7.61;5.4;17.15;1.0;17.69;2023;9;12510163968;1.057;3;2023-09-01
FI;Fiserv;Financials;Transaction & Payment Processing Services;4.12;8.74;6.77;19.64;2.0;26.71;2023;9;100953350144;0.933;1;2023-09-01
FIS;Fidelity National Information Services;Financials;Transaction & Payment Processing Services;4.09;8.17;5.21;17.48;1.0;18.61;2023;9;46394933248;1.086;6;2023-09-01
FITB;Fifth Third Bank;Financials;Diversified Banks;1.19;8.15;7.5;16.84;2.0;16.65;2023;9;28733145088;1.239;6;2023-09-01
FMC;FMC Corporation;Materials;Fertilizers & Agricultural Chemicals;14.35;8.92;7.46;30.73;1.0;71.55;2023;9;7908886016;0.855;7;2023-09-01
FRT;Federal Realty;Real Estate;Retail REITs;2.27;4.34;5.82;12.42;1.0;4.3;2021;9;9881507840;1.256;4;2021-09-01
FTNT;Fortinet;Information Technology;Systems Software;2.5;10.03;6.37;18.9;1.0;23.77;2023;9;58393071616;0.998;6;2023-09-01
FTV;Fortive;Industrials;Industrial Machinery & Supplies & Components;16.09;13.97;4.7;34.76;1.0;82.8;2023;9;26181060608;1.161;6;2023-09-01
GD;General Dynamics;Industrials;Aerospace & Defense;9.37;18.9;6.93;35.19;3.0;83.88;2023;9;84507975680;0.607;2;2023-09-01
GE;GE Aerospace;Industrials;Aerospace & Defense;14.24;15.41;10.9;40.55;3.0;92.22;2023;9;195533619200;1.179;4;2023-09-01
GEN;Gen Digital;Information Technology;Systems Software;3.35;8.2;5.39;16.94;2.0;16.94;2023;9;16286790656;1.06;1;2023-09-01
GILD;Gilead Sciences;Health Care;Biotechnology;1.0;14.34;7.62;22.97;2.0;39.94;2023;9;103396417536;0.196;2;2023-09-01
GIS;General Mills;Consumer Staples;Packaged Foods & Meats;8.32;8.72;4.09;21.13;2.0;32.41;2023;9;41540526080;0.091;6;2023-09-01
GL;Globe Life;Financials;Life & Health Insurance;1.58;8.28;10.49;20.35;2.0;29.24;2023;9;9538871296;0.808;4;2023-09-01
GLW;Corning Inc.;Information Technology;Electronic Components;5.53;4.81;6.13;16.48;2.0;15.51;2023;9;37051850752;1.036;7;2023-09-01
GM;General Motors;Consumer Discretionary;Automobile Manufacturers;9.83;11.48;7.19;28.5;4.0;63.16;2023;9;53408677888;1.439;9;2023-09-01
GOOGL;Alphabet Inc. (Class A);Communication Services;Interactive Media & Services;1.56;11.16;11.51;24.22;4.0;45.66;2023;9;1966598389760;1.039;10;2023-09-01
GPC;Genuine Parts Company;Consumer Discretionary;Distributors;4.67;5.18;3.8;13.66;2.0;8.02;2023;9;19135287296;0.913;6;2023-09-01
GPN;Global Payments;Financials;Transaction & Payment Processing Services;3.65;10.68;6.54;20.87;1.0;31.22;2023;9;28514754560;0.991;7;2023-09-01
GRMN;Garmin;Consumer Discretionary;Consumer Electronics;4.78;11.63;4.25;20.66;1.0;30.47;2023;9;33179969536;1.009;9;2023-09-01
GS;Goldman Sachs;Financials;Investment Banking & Brokerage;0.88;12.76;11.82;25.45;2.0;50.92;2023;9;153286164480;1.353;6;2023-09-01
GWW;W. W. Grainger;Industrials;Industrial Machinery & Supplies & Components;4.54;5.55;5.91;16.0;2.0;14.01;2023;9;49508282368;1.159;5;2023-09-01
HAL;Halliburton;Energy;Oil & Gas Equipment & Services;9.79;8.9;6.94;25.63;2.0;51.73;2023;9;25866889216;1.906;4;2023-09-01
HAS;Hasbro;Consumer Discretionary;Leisure Products;0.04;2.88;4.16;7.08;2.0;1.27;2023;9;9817040896;0.596;3;2023-09-01
HBAN;Huntington Bancshares;Financials;Regional Banks;1.97;11.19;8.68;21.84;2.0;35.46;2023;9;21263603712;1.068;9;2023-09-01
HCA;HCA Healthcare;Health Care;Health Care Facilities;3.9;17.72;7.22;28.84;3.0;64.44;2023;9;104114790400;1.678;5;2023-09-01
HD;Home Depot (The);Consumer Discretionary;Home Improvement Retail;3.32;5.56;3.76;12.64;2.0;5.97;2023;9;380669591552;1.003;2;2023-09-01
HES;Hess Corporation;Energy;Integrated Oil & Gas;18.93;7.2;6.98;33.11;2.0;78.79;2023;9;40304525312;1.164;9;2023-09-01
HIG;Hartford (The);Financials;Property & Casualty Insurance;1.81;7.24;7.58;16.63;1.0;16.04;2023;9;34303150080;0.924;4;2023-09-01
HLT;Hilton Worldwide;Consumer Discretionary;Hotels, Resorts & Cruise Lines;6.11;7.0;4.45;17.56;2.0;18.92;2023;9;54307586048;1.31;6;2023-09-01
HOLX;Hologic;Health Care;Health Care Equipment;4.57;12.08;8.35;25.0;1.0;48.93;2023;9;19208910848;0.984;7;2023-09-01
HON;Honeywell;Industrials;Industrial Conglomerates;10.99;10.59;7.04;28.62;3.0;63.65;2023;9;132688805888;1.027;6;2023-09-01
HPE;Hewlett Packard Enterprise;Information Technology;Technology Hardware, Storage & Peripherals;0.95;4.14;5.6;10.69;2.0;3.28;2023;9;23635793920;1.203;2;2023-09-01
HPQ;HP Inc.;Information Technology;Technology Hardware, Storage & Peripherals;0.11;5.05;6.09;11.26;2.0;3.95;2023;9;33170137088;1.083;1;2023-09-01
HRL;Hormel Foods;Consumer Staples;Packaged Foods & Meats;13.31;10.68;6.0;30.0;3.0;68.87;2023;9;17838264320;0.248;8;2023-09-01
HSIC;Henry Schein;Health Care;Health Care Distributors;2.0;5.67;6.28;13.95;2.0;8.64;2023;9;9026677760;0.861;5;2023-09-01
HST;Host Hotels & Resorts;Real Estate;Hotel & Resort REITs;3.25;4.58;5.52;13.35;1.0;7.41;2023;9;24961603584;1.341;9;2023-09-01
HSY;Hershey Company (The);Consumer Staples;Packaged Foods & Meats;10.52;10.4;5.14;26.05;3.0;53.34;2023;9;40621432832;0.361;10;2023-09-01
HUBB;Hubbell Incorporated;Industrials;Industrial Machinery & Supplies & Components;5.6;9.09;4.91;19.6;0.0;26.55;2023;9;22078416896;0.898;3;2023-09-01
HUM;Humana;Health Care;Managed Health Care;0.01;16.71;5.74;22.47;2.0;37.9;2023;9;37954166784;0.509;1;2023-09-01
IBM;IBM;Information Technology;IT Consulting & Other Services;1.78;6.22;6.14;14.14;2.0;9.09;2023;9;197245435904;0.693;4;2023-09-01
ICE;Intercontinental Exchange;Financials;Financial Exchanges & Data;1.7;9.25;8.82;19.78;1.0;27.21;2023;9;93476061184;1.091;4;2023-09-01
IDXX;Idexx Laboratories;Health Care;Health Care Equipment;2.62;7.1;8.94;18.66;1.0;22.9;2023;9;42162847744;1.332;6;2023-09-01
IEX;IDEX Corporation;Industrials;Industrial Machinery & Supplies & Components;10.28;13.72;5.34;29.34;0.0;66.38;2023;9;15495729152;0.949;6;2023-09-01
IFF;International Flavors & Fragrances;Materials;Specialty Chemicals;10.49;5.57;6.63;22.69;3.0;38.82;2023;9;26644783104;1.233;4;2023-09-01
INCY;Incyte;Health Care;Biotechnology;1.06;16.3;7.41;24.76;1.0;47.91;2023;9;12794285056;0.735;7;2023-09-01
INTC;Intel;Information Technology;Semiconductors;4.93;7.32;6.62;18.87;3.0;23.69;2023;9;91805720576;1.02;5;2023-09-01
INTU;Intuit;Information Technology;Application Software;0.97;10.7;4.73;16.41;2.0;15.32;2023;9;181138964480;1.243;2;2023-09-01
IP;International Paper;Materials;Paper & Plastic Packaging Products & Materials;15.15;4.5;4.81;24.47;3.0;46.67;2023;9;17309921280;1.01;5;2023-09-01
IPG;Interpublic Group of Companies (The);Communication Services;Advertising;0.04;5.0;5.28;10.32;1.0;2.98;2023;9;11729707008;1.084;10;2023-09-01
IQV;IQVIA;Health Care;Life Sciences Tools & Services;1.3;10.62;7.22;19.14;2.0;24.78;2023;9;43748352000;1.498;8;2023-09-01
IRM;Iron Mountain;Real Estate;Other Specialized REITs;5.0;3.74;5.76;14.5;2.0;10.01;2023;9;34669355008;1.026;5;2023-09-01
ISRG;Intuitive Surgical;Health Care;Health Care Equipment;3.65;9.58;7.84;21.07;1.0;32.14;2023;9;174617722880;1.395;3;2023-09-01
IT;Gartner;Information Technology;IT Consulting & Other Services;0.11;13.17;5.64;18.93;1.0;23.89;2023;9;39306534912;1.323;1;2023-09-01
ITW;Illinois Tool Works;Industrials;Industrial Machinery & Supplies & Components;7.0;11.78;6.52;25.29;2.0;50.21;2023;9;75748122624;1.112;3;2023-09-01
IVZ;Invesco;Financials;Asset Management & Custody Banks;0.73;11.02;11.04;22.79;2.0;39.19;2023;9;7470531584;1.423;3;2023-09-01
J;Jacobs Solutions;Industrials;Construction & Engineering;5.29;11.46;5.62;22.37;3.0;33.64;2022;8;18008506368;0.721;7;2022-08-01
JBHT;J.B. Hunt;Industrials;Cargo Ground Transportation;3.28;6.55;5.0;14.82;1.0;10.74;2023;9;17132796928;1.153;8;2023-09-01
JCI;Johnson Controls;Industrials;Building Products;4.49;4.55;5.39;14.43;3.0;9.85;2023;9;48678182912;1.3;6;2023-09-01
JKHY;Jack Henry & Associates;Financials;Transaction & Payment Processing Services;4.32;8.66;5.68;18.66;0.0;22.88;2023;9;12909138944;0.638;7;2023-09-01
JNJ;Johnson & Johnson;Health Care;Pharmaceuticals;0.92;15.02;8.03;23.98;4.0;44.52;2023;9;402177589248;0.519;4;2023-09-01
JNPR;Juniper Networks;Information Technology;Communications Equipment;1.82;7.2;5.8;14.82;1.0;10.73;2023;9;12847232000;0.921;5;2023-09-01
JPM;JPMorgan Chase;Financials;Diversified Banks;1.11;16.45;11.7;29.26;3.0;66.02;2023;9;595349733376;1.105;5;2023-09-01
K;Kellanova;Consumer Staples;Packaged Foods & Meats;10.64;13.35;4.38;28.37;2.0;62.52;2023;9;27749677056;0.394;8;2023-09-01
KEY;KeyCorp;Financials;Regional Banks;1.59;9.16;10.66;21.42;1.0;33.6;2023;9;15378881536;1.238;4;2023-09-01
KEYS;Keysight;Information Technology;Electronic Equipment & Instruments;1.2;1.75;4.65;7.6;1.0;1.47;2023;9;26116489216;0.974;4;2023-09-01
KHC;Kraft Heinz;Consumer Staples;Packaged Foods & Meats;13.49;14.05;6.17;33.7;3.0;80.3;2023;9;42366164992;0.478;4;2023-09-01
KIM;Kimco Realty;Real Estate;Retail REITs;2.35;2.58;5.97;10.9;0.0;3.52;2023;9;16219149312;1.492;5;2023-09-01
KLAC;KLA Corporation;Information Technology;Semiconductor Materials & Equipment;7.41;5.13;4.64;17.19;0.0;17.74;2023;9;99420717056;1.276;4;2023-09-01
KMB;Kimberly-Clark;Consumer Staples;Household Products;10.43;10.4;7.64;28.48;2.0;63.05;2023;9;48567140352;0.403;4;2023-09-01
KMI;Kinder Morgan;Energy;Oil & Gas Storage & Transportation;8.28;7.19;3.49;18.96;2.0;24.03;2023;9;47851556864;0.921;9;2023-09-01
KMX;CarMax;Consumer Discretionary;Automotive Retail;0.09;8.02;3.99;12.1;2.0;5.17;2023;9;12391112704;1.688;9;2023-09-01
KO;Coca-Cola Company (The);Consumer Staples;Soft Drinks & Non-alcoholic Beverages;7.23;9.54;4.86;21.63;3.0;34.51;2023;9;309448671232;0.609;2;2023-09-01
KR;Kroger;Consumer Staples;Food Retail;6.55;9.12;5.6;21.27;3.0;32.98;2023;9;40625352704;0.46;8;2023-09-01
L;Loews Corporation;Financials;Multi-line Insurance;0.59;4.25;11.53;16.38;2.0;15.19;2023;9;17404710912;0.818;7;2023-09-01
LDOS;Leidos;Industrials;Diversified Support Services;3.37;9.03;5.25;17.65;2.0;19.29;2023;9;20855037952;0.704;3;2023-09-01
LEN;Lennar;Consumer Discretionary;Homebuilding;11.26;8.55;5.55;25.36;2.0;50.5;2023;9;50908487680;1.609;10;2023-09-01
LH;LabCorp;Health Care;Health Care Services;0.43;12.71;6.6;19.74;2.0;27.05;2023;9;19060506624;1.041;4;2023-09-01
LKQ;LKQ Corporation;Consumer Discretionary;Distributors;3.8;4.0;3.27;11.07;2.0;3.74;2023;9;10751375360;1.283;3;2023-09-01
LLY;Lilly (Eli);Health Care;Pharmaceuticals;2.54;12.6;9.14;24.28;2.0;45.9;2023;9;815948038144;0.422;5;2023-09-01
LMT;Lockheed Martin;Industrials;Aerospace & Defense;7.96;15.11;7.11;30.18;3.0;69.64;2023;9;136559820800;0.469;6;2023-09-01
LNT;Alliant Energy;Utilities;Electric Utilities;8.54;6.55;6.28;21.36;0.0;33.39;2023;9;15520779264;0.57;2;2023-09-01
LOW;Lowe's;Consumer Discretionary;Home Improvement Retail;3.31;5.31;3.17;11.78;2.0;4.69;2023;9;145635721216;1.09;4;2023-09-01
LRCX;Lam Research;Information Technology;Semiconductor Materials & Equipment;4.5;3.97;5.14;13.61;1.0;7.91;2023;9;99490209792;1.483;1;2023-09-01
LULU;Lululemon Athletica;Consumer Discretionary;Apparel, Accessories & Luxury Goods;1.58;9.86;5.5;16.94;2.0;16.93;2023;9;32572626944;1.253;8;2023-09-01
LUV;Southwest Airlines;Industrials;Passenger Airlines;11.04;13.69;5.95;30.67;2.0;71.33;2023;9;17099948032;1.162;6;2023-09-01
LVS;Las Vegas Sands;Consumer Discretionary;Casinos & Gaming;2.3;7.72;8.67;18.69;2.0;22.99;2023;9;30488285184;1.113;10;2023-09-01
LYB;LyondellBasell;Materials;Specialty Chemicals;13.5;2.1;5.09;20.69;2.0;30.53;2023;9;30880202752;1.082;1;2023-09-01
MA;Mastercard;Financials;Transaction & Payment Processing Services;2.15;6.66;8.27;17.07;4.0;17.41;2023;9;462832107520;1.103;1;2023-09-01
MAA;Mid-America Apartment Communities;Real Estate;Multi-Family Residential REITs;3.9;2.95;6.25;13.09;1.0;6.87;2023;9;19992911872;0.873;5;2023-09-01
MAR;Marriott International;Consumer Discretionary;Hotels, Resorts & Cruise Lines;8.55;9.16;3.72;21.43;3.0;33.65;2023;9;66329636864;1.591;7;2023-09-01
MAS;Masco;Industrials;Building Products;9.73;5.64;6.82;22.19;1.0;36.81;2023;9;17732730880;1.247;8;2023-09-01
MCD;McDonald's;Consumer Discretionary;Restaurants;7.56;12.56;5.84;25.95;3.0;52.97;2023;9;210719506432;0.724;6;2023-09-01
MCHP;Microchip Technology;Information Technology;Semiconductors;15.25;9.16;7.4;31.82;1.0;75.0;2023;9;41310883840;1.519;6;2023-09-01
MCK;McKesson Corporation;Health Care;Health Care Distributors;1.65;7.28;6.29;15.23;3.0;11.87;2023;9;67408543744;0.441;3;2023-09-01
MCO;Moody's Corporation;Financials;Financial Exchanges & Data;1.61;6.09;8.12;15.82;2.0;13.52;2023;9;88281661440;1.29;3;2023-09-01
MDLZ;Mondelez International;Consumer Staples;Packaged Foods & Meats;7.23;9.39;5.41;22.02;3.0;36.13;2023;9;100893089792;0.548;5;2023-09-01
MDT;Medtronic;Health Care;Health Care Equipment;1.78;13.43;7.57;22.77;3.0;39.15;2023;9;113676828672;0.854;6;2023-09-01
MET;MetLife;Financials;Life & Health Insurance;0.69;6.96;8.77;16.43;2.0;15.34;2023;9;54821441536;1.029;4;2023-09-01
META;Meta Platforms;Communication Services;Interactive Media & Services;2.71;21.09;10.29;34.08;4.0;81.17;2023;9;1356780404736;1.213;10;2023-09-01
MGM;MGM Resorts;Consumer Discretionary;Casinos & Gaming;1.3;12.97;10.49;24.76;2.0;47.92;2023;9;11303280640;2.236;1;2023-09-01
MHK;Mohawk Industries;Consumer Discretionary;Home Furnishings;5.75;4.19;4.19;14.14;2.0;9.08;2023;9;9834908672;1.375;1;2023-09-01
MKC;McCormick & Company;Consumer Staples;Packaged Foods & Meats;9.63;11.09;5.35;26.07;2.0;53.45;2023;9;22768777216;0.758;10;2023-09-01
MLM;Martin Marietta Materials;Materials;Construction Materials;16.68;4.77;8.67;30.12;2.0;69.4;2023;9;32638973952;0.908;8;2023-09-01
MMC;Marsh McLennan;Financials;Insurance Brokers;0.09;11.31;9.67;21.07;2.0;32.16;2023;9;113679212544;0.937;1;2023-09-01
MMM;3M;Industrials;Industrial Conglomerates;17.22;13.59;6.54;37.35;5.0;88.51;2023;9;73377218560;0.995;9;2023-09-01
MNST;Monster Beverage;Consumer Staples;Soft Drinks & Non-alcoholic Beverages;12.07;12.04;5.11;29.23;2.0;65.85;2023;9;50022043648;0.737;9;2023-09-01
MO;Altria;Consumer Staples;Tobacco;6.1;17.64;7.58;31.32;3.0;73.6;2023;9;86164111360;0.687;2;2023-09-01
MOS;Mosaic Company (The);Materials;Fertilizers & Agricultural Chemicals;13.87;11.05;8.6;33.52;2.0;79.8;2023;9;8173065216;1.363;3;2023-09-01
MPC;Marathon Petroleum;Energy;Oil & Gas Refining & Marketing;17.09;8.15;5.25;30.49;3.0;70.7;2023;9;54844665856;1.364;6;2023-09-01
MRK;Merck & Co.;Health Care;Pharmaceuticals;1.85;10.64;8.9;21.39;3.0;33.51;2023;9;299842699264;0.401;4;2023-09-01
MRO;Marathon Oil;Energy;Oil & Gas Exploration & Production;21.07;9.05;7.6;37.72;2.0;89.03;2023;9;15304718336;2.169;5;2023-09-01
MS;Morgan Stanley;Financials;Investment Banking & Brokerage;1.14;12.91;10.53;24.58;2.0;47.11;2023;9;161931493376;1.357;9;2023-09-01
MSCI;MSCI;Financials;Financial Exchanges & Data;1.57;6.97;7.74;16.27;1.0;14.86;2023;9;44539666432;1.111;4;2023-09-01
MSFT;Microsoft;Information Technology;Systems Software;1.46;7.53;6.07;15.06;3.0;11.36;2023;9;3234487336960;0.896;1;2023-09-01
MSI;Motorola Solutions;Information Technology;Communications Equipment;2.26;5.07;5.8;13.13;1.0;6.98;2023;9;73940533248;0.977;2;2023-09-01
MTB;M&T Bank;Financials;Regional Banks;2.63;10.32;13.58;26.53;1.0;55.08;2023;9;29028114432;0.744;8;2023-09-01
MTD;Mettler Toledo;Health Care;Life Sciences Tools & Services;1.0;7.41;4.69;13.1;0.0;6.93;2023;9;29563645952;1.139;5;2023-09-01
MU;Micron Technology;Information Technology;Semiconductors;7.23;5.46;5.49;18.18;2.0;21.15;2023;9;98387369984;1.176;1;2023-09-01
NCLH;Norwegian Cruise Line Holdings;Consumer Discretionary;Hotels, Resorts & Cruise Lines;8.97;10.9;6.08;25.94;2.0;52.93;2023;9;8688294912;2.712;5;2023-09-01
NDAQ;Nasdaq, Inc.;Financials;Financial Exchanges & Data;0.03;5.63;7.43;13.09;1.0;6.89;2023;9;42128486400;0.962;3;2023-09-01
NDSN;Nordson Corporation;Industrials;Industrial Machinery & Supplies & Components;8.18;11.61;5.1;24.89;1.0;48.54;2023;9;14591575040;0.902;8;2023-09-01
NEE;NextEra Energy;Utilities;Multi-Utilities;9.38;8.3;5.6;23.27;2.0;41.38;2023;9;174643085312;0.551;4;2023-09-01
NEM;Newmont;Materials;Gold;7.05;8.24;5.22;20.52;3.0;29.93;2023;9;60940009472;0.513;6;2023-09-01
NFLX;Netflix;Communication Services;Movies & Entertainment;0.09;7.31;9.01;16.41;2.0;15.33;2023;9;303381020672;1.262;9;2023-09-01
NI;NiSource;Utilities;Multi-Utilities;11.98;9.17;4.87;26.02;3.0;53.23;2023;9;15419760640;0.504;2;2023-09-01
NKE;Nike, Inc.;Consumer Discretionary;Apparel, Accessories & Luxury Goods;2.98;9.99;6.65;19.61;3.0;26.58;2023;9;120908390400;1.014;9;2023-09-01
NOC;Northrop Grumman;Industrials;Aerospace & Defense;7.79;14.37;5.37;27.53;2.0;59.19;2023;9;76233113600;0.337;4;2023-09-01
NOW;ServiceNow;Information Technology;Systems Software;3.99;6.04;6.57;16.59;0.0;15.89;2023;9;183719378944;0.987;5;2023-09-01
NRG;NRG Energy;Utilities;Independent Power Producers & Energy Traders;16.8;9.5;5.69;31.97;2.0;75.48;2023;9;16782821376;1.085;9;2023-09-01
NSC;Norfolk Southern Railway;Industrials;Rail Transportation;8.02;10.48;5.42;23.92;3.0;44.15;2023;9;55861764096;1.307;10;2023-09-01
NTAP;NetApp;Information Technology;Technology Hardware, Storage & Peripherals;2.19;7.74;5.5;15.43;1.0;12.46;2023;9;24377368576;1.219;2;2023-09-01
NTRS;Northern Trust;Financials;Asset Management & Custody Banks;1.87;11.83;10.17;23.86;2.0;43.85;2023;9;18278486016;1.096;5;2023-09-01
NUE;Nucor;Materials;Steel;9.3;14.72;8.8;32.82;2.0;77.92;2023;9;33929832448;1.563;7;2023-09-01
NVDA;Nvidia;Information Technology;Semiconductors;2.3;4.95;6.34;13.59;2.0;7.86;2023;9;2835422642176;1.673;8;2023-09-01
NVR;NVR, Inc.;Consumer Discretionary;Homebuilding;7.21;7.82;5.24;20.27;1.0;28.96;2023;9;29192695808;1.187;9;2023-09-01
NWSA;News Corp (Class A);Communication Services;Publishing;0.02;4.74;6.72;11.47;2.0;4.24;2023;9;15057525760;1.358;10;2023-09-01
NXPI;NXP Semiconductors;Information Technology;Semiconductors;8.58;5.45;5.81;19.84;1.0;27.41;2023;9;59243253760;1.497;2;2023-09-01
O;Realty Income;Real Estate;Retail REITs;4.41;5.32;5.74;15.47;2.0;12.57;2023;9;54585954304;0.992;5;2023-09-01
OKE;ONEOK;Energy;Oil & Gas Storage & Transportation;10.83;11.01;3.31;25.15;1.0;49.57;2023;9;55288446976;1.634;5;2023-09-01
OMC;Omnicom Group;Communication Services;Advertising;0.09;9.33;6.86;16.28;1.0;14.89;2023;9;19903373312;0.964;1;2023-09-01
ON;ON Semiconductor;Information Technology;Semiconductors;11.79;5.69;4.95;22.43;1.0;37.75;2023;9;30593183744;1.656;2;2023-09-01
ORCL;Oracle Corporation;Information Technology;Application Software;0.5;7.79;5.6;13.89;2.0;8.51;2023;9;464054353920;1.0;10;2023-09-01
ORLY;O'Reilly Auto Parts;Consumer Discretionary;Automotive Retail;0.14;8.15;3.76;12.05;1.0;5.1;2023;9;65588211712;0.924;9;2023-09-01
OXY;Occidental Petroleum;Energy;Oil & Gas Exploration & Production;24.98;9.7;6.97;41.66;2.0;93.23;2023;9;47697215488;1.605;2;2023-09-01
PANW;Palo Alto Networks;Information Technology;Systems Software;0.7;7.62;5.6;13.92;1.0;8.57;2023;9;112693567488;1.132;10;2023-09-01
PARA;Paramount Global;Communication Services;Movies & Entertainment;0.11;7.51;7.37;14.99;3.0;11.14;2023;9;7424509952;1.77;10;2023-09-01
PAYX;Paychex;Industrials;Human Resource & Employment Services;3.21;7.16;6.36;16.73;1.0;16.37;2023;9;48633491456;0.993;4;2023-09-01
PCAR;Paccar;Industrials;Construction Machinery & Heavy Transportation Equipment;8.36;10.99;8.3;27.64;3.0;59.68;2023;9;51368513536;0.901;5;2023-09-01
PCG;PG&E Corporation;Utilities;Multi-Utilities;9.58;15.38;5.42;30.38;4.0;70.35;2023;9;52330303488;1.017;4;2023-09-01
PEG;Public Service Enterprise Group;Utilities;Electric Utilities;12.48;9.28;5.46;27.23;2.0;57.89;2023;9;42229178368;0.623;3;2023-09-01
PEP;PepsiCo;Consumer Staples;Soft Drinks & Non-alcoholic Beverages;7.27;9.63;5.16;22.06;3.0;36.32;2023;9;242943328256;0.541;5;2023-09-01
PFE;Pfizer;Health Care;Pharmaceuticals;2.12;12.85;9.63;24.59;3.0;47.15;2023;9;169037660160;0.617;7;2023-09-01
PFG;Principal Financial Group;Financials;Life & Health Insurance;0.81;5.82;7.56;14.19;1.0;9.21;2023;9;19411369984;1.192;7;2023-09-01
PG;Procter & Gamble;Consumer Staples;Personal Care Products;9.6;12.23;6.74;28.57;3.0;63.39;2023;9;413267034112;0.407;4;2023-09-01
PGR;Progressive Corporation;Financials;Property & Casualty Insurance;1.45;8.5;10.07;20.02;2.0;28.02;2023;9;150497378304;0.353;3;2023-09-01
PH;Parker Hannifin;Industrials;Industrial Machinery & Supplies & Components;9.46;13.78;6.24;29.48;2.0;66.96;2023;9;77822435328;1.431;6;2023-09-01
PHM;PulteGroup;Consumer Discretionary;Homebuilding;9.19;7.31;4.92;21.42;2.0;33.61;2023;9;29148821504;1.627;5;2023-09-01
PKG;Packaging Corporation of America;Materials;Paper & Plastic Packaging Products & Materials;13.96;1.06;3.62;18.64;1.0;22.83;2023;9;19272724480;0.786;6;2023-09-01
PLD;Prologis;Real Estate;Industrial REITs;2.74;2.5;5.03;10.27;1.0;2.96;2023;9;119701798912;1.083;8;2023-09-01
PM;Philip Morris International;Consumer Staples;Tobacco;3.42;13.54;11.49;28.45;3.0;62.86;2023;9;191598002176;0.578;5;2023-09-01
PNC;PNC Financial Services;Financials;Regional Banks;1.94;13.29;10.83;26.07;3.0;53.42;2023;9;72141553664;1.128;2;2023-09-01
PNR;Pentair;Industrials;Industrial Machinery & Supplies & Components;5.97;10.01;6.07;22.06;1.0;36.3;2023;9;15541917696;1.191;5;2023-09-01
PNW;Pinnacle West;Utilities;Multi-Utilities;14.72;10.23;5.84;30.79;1.0;71.78;2023;9;10374980608;0.516;5;2023-09-01
PPG;PPG Industries;Materials;Specialty Chemicals;10.98;7.7;6.54;25.21;2.0;49.85;2023;9;29736417280;1.25;6;2023-09-01
PPL;PPL Corporation;Utilities;Electric Utilities;17.08;8.9;5.33;31.32;2.0;73.57;2023;9;24110428160;0.835;2;2023-09-01
PRU;Prudential Financial;Financials;Life & Health Insurance;0.64;10.01;9.25;19.91;1.0;27.67;2023;9;42368761856;1.286;4;2023-09-01
PSA;Public Storage;Real Estate;Self-Storage REITs;4.74;2.61;5.7;13.05;1.0;6.78;2023;9;63529824256;0.67;6;2023-09-01
PSX;Phillips 66;Energy;Oil & Gas Refining & Marketing;20.76;8.82;5.85;35.43;3.0;84.49;2023;9;53702402048;1.322;7;2023-09-01
PTC;PTC;Information Technology;Application Software;4.92;8.61;5.37;18.9;0.0;23.78;2023;9;21107718144;1.177;5;2023-09-01
PWR;Quanta Services;Industrials;Construction & Engineering;12.15;15.73;9.04;36.91;2.0;87.83;2023;9;40356634624;1.009;4;2023-09-01
PYPL;PayPal;Financials;Transaction & Payment Processing Services;2.83;9.19;5.75;17.77;2.0;19.71;2023;9;73372622848;1.438;8;2023-09-01
QCOM;Qualcomm;Information Technology;Semiconductors;5.34;4.5;5.55;15.39;3.0;12.29;2023;9;187931803648;1.284;2;2023-09-01
QRVO;Qorvo;Information Technology;Semiconductors;12.32;8.5;7.7;28.52;0.0;63.22;2023;9;9529769984;1.457;7;2023-09-01
RCL;Royal Caribbean Group;Consumer Discretionary;Hotels, Resorts & Cruise Lines;8.15;7.68;4.88;20.71;3.0;30.6;2023;9;43694575616;2.621;9;2023-09-01
REG;Regency Centers;Real Estate;Retail REITs;3.72;3.21;4.77;11.71;0.0;4.62;2023;9;13652682752;1.218;1;2023-09-01
REGN;Regeneron;Health Care;Biotechnology;0.34;10.96;6.74;18.04;2.0;20.59;2023;9;127109210112;0.122;10;2023-09-01
RF;Regions Financial Corporation;Financials;Regional Banks;1.82;6.67;8.36;16.85;2.0;16.67;2023;9;20617766912;1.188;7;2023-09-01
RJF;Raymond James;Financials;Investment Banking & Brokerage;2.35;11.23;13.44;27.02;2.0;56.98;2023;9;24853202944;1.03;7;2023-09-01
RL;Ralph Lauren Corporation;Consumer Discretionary;Apparel, Accessories & Luxury Goods;1.22;7.79;5.62;14.62;2.0;10.27;2023;9;11238284288;1.502;10;2023-09-01
RMD;ResMed;Health Care;Health Care Equipment;3.54;12.41;10.43;26.39;1.0;54.57;2023;9;36993007616;0.691;4;2023-09-01
ROK;Rockwell Automation;Industrials;Electrical Components & Equipment;5.37;6.64;5.65;17.67;2.0;19.34;2023;9;29864515584;1.363;9;2023-09-01
ROL;Rollins, Inc.;Industrials;Environmental & Facilities Services;1.76;10.63;6.92;19.31;1.0;25.54;2023;9;24893739008;0.697;9;2023-09-01
ROP;Roper Technologies;Information Technology;Electronic Equipment & Instruments;4.67;9.67;6.09;20.44;0.0;29.61;2023;9;59662757888;1.022;8;2023-09-01
ROST;Ross Stores;Consumer Discretionary;Apparel Retail;1.79;10.76;5.68;18.23;2.0;21.36;2023;9;50816126976;1.092;7;2023-09-01
RSG;Republic Services;Industrials;Environmental & Facilities Services;11.19;6.02;3.7;20.91;3.0;31.4;2023;9;64497053696;0.707;1;2023-09-01
RVTY;Revvity;Health Care;Health Care Equipment;0.75;10.1;5.85;16.7;2.0;16.28;2023;9;15145726976;1.046;8;2023-09-01
SBAC;SBA Communications;Real Estate;Telecom Tower REITs;3.11;3.23;5.23;11.58;0.0;4.42;2023;9;26340440064;0.664;7;2023-09-01
SBUX;Starbucks;Consumer Discretionary;Restaurants;5.79;14.62;4.27;24.67;3.0;47.54;2023;9;109285810176;0.96;1;2023-09-01
SCHW;Charles Schwab Corporation;Financials;Investment Banking & Brokerage;2.39;8.95;11.94;23.28;2.0;41.39;2023;9;116510556160;0.964;10;2023-09-01
SHW;Sherwin-Williams;Materials;Specialty Chemicals;14.31;9.2;5.85;29.35;2.0;66.41;2023;9;95620767744;1.168;8;2023-09-01
SJM;J.M. Smucker Company (The);Consumer Staples;Packaged Foods & Meats;12.89;11.99;5.57;30.45;2.0;70.6;2023;9;12862360576;0.232;7;2023-09-01
SLB;Schlumberger;Energy;Oil & Gas Equipment & Services;8.08;6.29;5.91;20.28;1.0;29.0;2023;9;58923360256;1.528;1;2023-09-01
SNA;Snap-on;Industrials;Industrial Machinery & Supplies & Components;9.0;13.91;7.62;30.53;2.0;70.84;2023;9;14827014144;0.974;5;2023-09-01
SNPS;Synopsys;Information Technology;Application Software;3.34;6.93;4.16;14.42;0.0;9.81;2023;9;77152632832;1.078;3;2023-09-01
SO;Southern Company;Utilities;Electric Utilities;14.68;11.0;7.3;32.98;2.0;78.44;2023;9;98390876160;0.509;1;2023-09-01
SPG;Simon Property Group;Real Estate;Retail REITs;3.83;3.99;6.15;13.98;1.0;8.73;2023;9;61818773504;1.769;10;2023-09-01
SPGI;S&P Global;Financials;Financial Exchanges & Data;0.0;6.22;6.82;13.04;1.0;6.76;2023;9;165069996032;1.177;3;2023-09-01
SRE;Sempra;Utilities;Multi-Utilities;10.86;7.85;4.88;23.59;2.0;42.73;2023;9;53152604160;0.759;7;2023-09-01
STLD;Steel Dynamics;Materials;Steel;10.56;14.36;8.06;32.98;1.0;78.41;2023;9;17666150400;1.327;2;2023-09-01
STT;State Street Corporation;Financials;Asset Management & Custody Banks;1.61;12.95;9.52;24.08;1.0;45.05;2023;9;25887369216;1.495;5;2023-09-01
STX;Seagate Technology;Information Technology;Technology Hardware, Storage & Peripherals;1.59;3.8;5.26;10.66;1.0;2.13;2021;5;21484713984;1.058;6;2021-05-01
STZ;Constellation Brands;Consumer Staples;Distillers & Vintners;9.45;10.04;5.18;24.66;2.0;47.5;2023;9;46082215936;0.873;8;2023-09-01
SWK;Stanley Black & Decker;Industrials;Industrial Machinery & Supplies & Components;5.0;12.51;7.8;25.31;2.0;50.29;2023;9;15857777664;1.236;4;2023-09-01
SWKS;Skyworks Solutions;Information Technology;Semiconductors;11.82;8.93;7.21;27.95;1.0;60.89;2023;9;15532438528;1.204;9;2023-09-01
SYF;Synchrony Financial;Financials;Consumer Finance;0.13;9.89;7.25;17.28;2.0;18.01;2023;9;19441215488;1.612;8;2023-09-01
SYK;Stryker Corporation;Health Care;Health Care Equipment;3.99;13.24;11.03;28.26;2.0;62.09;2023;9;141744701440;0.919;5;2023-09-01
SYY;Sysco;Consumer Staples;Food Distributors;5.42;6.05;4.47;15.95;2.0;13.88;2023;9;38230503424;1.198;6;2023-09-01
T;AT&T;Communication Services;Integrated Telecommunication Services;3.26;13.94;6.72;23.91;3.0;44.13;2023;9;156167831552;0.733;1;2023-09-01
TAP;Molson Coors Beverage Company;Consumer Staples;Brewers;7.25;8.61;5.51;21.37;2.0;33.42;2023;9;11506942976;0.814;10;2023-09-01
TDG;TransDigm Group;Industrials;Aerospace & Defense;12.01;17.71;9.0;38.72;2.0;90.45;2023;9;77178421248;1.41;10;2023-09-01
TEL;TE Connectivity;Information Technology;Electronic Manufacturing Services;5.81;4.44;4.55;14.8;0.0;10.69;2023;9;44913152000;1.325;5;2023-09-01
TER;Teradyne;Information Technology;Semiconductor Materials & Equipment;7.11;4.89;5.03;17.03;0.0;17.27;2023;9;21165559808;1.492;1;2023-09-01
TFX;Teleflex;Health Care;Health Care Equipment;4.83;16.12;8.67;29.63;2.0;67.48;2023;9;11376049152;1.156;6;2023-09-01
TGT;Target Corporation;Consumer Staples;Consumer Staples Merchandise Retail;1.93;7.55;4.86;14.35;3.0;9.65;2023;9;70409453568;1.238;2;2023-09-01
TJX;TJX Companies;Consumer Discretionary;Apparel Retail;1.89;7.65;4.84;14.38;2.0;9.73;2023;9;134904406016;0.889;7;2023-09-01
TMO;Thermo Fisher Scientific;Health Care;Life Sciences Tools & Services;1.44;4.89;6.47;12.81;3.0;6.31;2023;9;234602758144;0.778;3;2023-09-01
TMUS;T-Mobile US;Communication Services;Wireless Telecommunication Services;4.19;13.38;7.07;24.63;3.0;47.33;2023;9;240183296000;0.507;10;2023-09-01
TPR;Tapestry, Inc.;Consumer Discretionary;Apparel, Accessories & Luxury Goods;1.1;8.57;5.18;14.84;2.0;10.81;2023;9;9963964416;1.552;6;2023-09-01
TRGP;Targa Resources;Energy;Oil & Gas Storage & Transportation;14.23;14.75;4.24;33.21;2.0;79.06;2023;9;33304543232;2.252;8;2023-09-01
TRMB;Trimble Inc.;Information Technology;Electronic Equipment & Instruments;3.76;3.43;5.23;12.41;0.0;5.64;2023;9;14239768576;1.484;2;2023-09-01
TROW;T. Rowe Price;Financials;Asset Management & Custody Banks;2.39;8.95;5.57;16.91;1.0;16.89;2023;9;24022775808;1.427;6;2023-09-01
TRV;Travelers Companies (The);Financials;Property & Casualty Insurance;1.01;9.3;10.02;20.33;1.0;29.15;2023;9;55218700288;0.629;9;2023-09-01
TSCO;Tractor Supply;Consumer Discretionary;Other Specialty Retail;3.43;8.19;4.47;16.1;2.0;14.33;2023;9;29852745728;0.799;1;2023-09-01
TSLA;Tesla, Inc.;Consumer Discretionary;Automobile Manufacturers;3.31;14.08;7.85;25.23;3.0;49.93;2023;9;727962550272;2.29;10;2023-09-01
TSN;Tyson Foods;Consumer Staples;Packaged Foods & Meats;14.02;12.39;9.51;35.92;4.0;85.46;2023;9;22008092672;0.777;10;2023-09-01
TT;Trane Technologies;Industrials;Building Products;4.39;5.71;5.11;15.2;2.0;11.78;2023;9;84535984128;1.212;5;2023-09-01
TXN;Texas Instruments;Information Technology;Semiconductors;7.76;5.96;6.93;20.65;2.0;30.44;2023;9;183878336512;0.976;8;2023-09-01
TXT;Textron;Industrials;Aerospace & Defense;10.92;16.08;6.61;33.61;2.0;80.08;2023;9;16617225216;1.231;4;2023-09-01
UAL;United Airlines Holdings;Industrials;Passenger Airlines;10.78;12.79;5.04;28.61;2.0;63.55;2023;9;17309820928;1.434;9;2023-09-01
UDR;UDR, Inc.;Real Estate;Multi-Family Residential REITs;3.72;3.91;6.29;13.92;1.0;8.57;2023;9;17647726592;0.841;9;2023-09-01
UHS;Universal Health Services;Health Care;Health Care Facilities;3.7;20.68;8.6;32.98;3.0;78.43;2023;9;15676926976;1.282;10;2023-09-01
ULTA;Ulta Beauty;Consumer Discretionary;Other Specialty Retail;4.08;7.25;4.28;15.61;2.0;12.91;2023;9;18704535552;1.312;3;2023-09-01
UNH;UnitedHealth Group;Health Care;Managed Health Care;0.03;9.67;5.59;15.3;3.0;12.06;2023;9;533698674688;0.595;2;2023-09-01
UNP;Union Pacific Corporation;Industrials;Rail Transportation;7.3;10.55;5.6;23.45;2.0;42.06;2023;9;154462158848;1.053;1;2023-09-01
UPS;United Parcel Service;Industrials;Air Freight & Logistics;4.17;8.91;5.49;18.57;2.0;22.59;2023;9;110421450752;0.977;9;2023-09-01
URI;United Rentals;Industrials;Trading Companies & Distributors;5.32;6.13;5.42;16.86;1.0;16.73;2023;9;51007975424;1.681;1;2023-09-01
USB;U.S. Bank;Financials;Diversified Banks;1.75;15.5;13.01;30.26;3.0;69.91;2023;9;69739225088;1.054;1;2023-09-01
V;Visa Inc.;Financials;Transaction & Payment Processing Services;1.81;8.22;6.65;16.68;3.0;16.22;2023;9;567340761088;0.963;3;2023-09-01
VLO;Valero Energy;Energy;Oil & Gas Refining & Marketing;20.15;7.42;4.99;32.56;2.0;77.18;2023;9;43507605504;1.381;5;2023-09-01
VMC;Vulcan Materials Company;Materials;Construction Materials;13.42;6.81;9.05;29.28;2.0;66.1;2023;9;32370546688;0.815;6;2023-09-01
VRSK;Verisk;Industrials;Research & Consulting Services;0.05;12.49;4.98;17.53;1.0;18.83;2023;9;38368903168;0.863;5;2023-09-01
VRSN;Verisign;Information Technology;Internet Services & Infrastructure;4.74;10.77;5.79;21.3;1.0;33.12;2023;9;17847136256;0.903;4;2023-09-01
VRTX;Vertex Pharmaceuticals;Health Care;Biotechnology;0.75;15.4;6.57;22.72;2.0;38.93;2023;9;126323048448;0.406;8;2023-09-01
VTR;Ventas;Real Estate;Health Care REITs;3.42;3.89;5.56;12.86;0.0;6.43;2023;9;26731040768;1.388;3;2023-09-01
VZ;Verizon;Communication Services;Integrated Telecommunication Services;3.74;9.59;5.39;18.73;3.0;23.13;2023;9;185555648512;0.407;1;2023-09-01
WAB;Wabtec;Industrials;Construction Machinery & Heavy Transportation Equipment;5.36;11.99;5.98;23.33;2.0;41.6;2023;9;30504617984;1.273;5;2023-09-01
WAT;Waters Corporation;Health Care;Life Sciences Tools & Services;1.35;8.19;5.09;14.62;0.0;10.29;2023;9;19528284160;0.955;7;2023-09-01
WBA;Walgreens Boots Alliance;Consumer Staples;Drug Retail;1.79;9.29;5.18;16.25;3.0;14.82;2023;9;7821272064;0.683;7;2023-09-01
WDC;Western Digital;Information Technology;Technology Hardware, Storage & Peripherals;1.48;3.91;6.05;11.43;2.0;4.2;2023;9;22630051840;1.38;8;2023-09-01
WEC;WEC Energy Group;Utilities;Electric Utilities;13.36;8.96;5.13;27.46;1.0;58.73;2023;9;30387875840;0.435;4;2023-09-01
WELL;Welltower;Real Estate;Health Care REITs;4.24;3.49;5.5;13.23;1.0;7.15;2023;9;78689722368;1.201;3;2023-09-01
WFC;Wells Fargo;Financials;Diversified Banks;2.05;14.75;19.43;36.24;5.0;86.5;2023;9;185539510272;1.161;5;2023-09-01
WM;Waste Management;Industrials;Environmental & Facilities Services;8.09;5.24;3.32;16.65;2.0;16.09;2023;9;83601956864;0.753;1;2023-09-01
WMB;Williams Companies;Energy;Oil & Gas Storage & Transportation;8.72;10.13;2.96;21.82;2.0;35.38;2023;9;55497883648;1.079;3;2023-09-01
WMT;Walmart;Consumer Staples;Consumer Staples Merchandise Retail;5.86;12.36;7.05;25.26;3.0;50.05;2023;9;631806427136;0.515;3;2023-09-01
WRB;W. R. Berkley Corporation;Financials;Property & Casualty Insurance;1.97;7.95;11.91;21.83;1.0;35.44;2023;9;22357321728;0.623;9;2023-09-01
WTW;Willis Towers Watson;Financials;Insurance Brokers;0.07;7.83;10.76;18.66;2.0;22.89;2023;9;29749815296;0.745;7;2023-09-01
WY;Weyerhaeuser;Real Estate;Timber REITs;9.05;4.18;3.45;16.68;2.0;16.23;2023;9;24183224320;1.418;3;2023-09-01
WYNN;Wynn Resorts;Consumer Discretionary;Casinos & Gaming;3.37;11.75;10.58;25.7;2.0;52.0;2023;9;8879360000;1.799;8;2023-09-01
XEL;Xcel Energy;Utilities;Multi-Utilities;12.7;9.26;4.49;26.45;2.0;54.78;2023;9;35992227840;0.397;2;2023-09-01
XOM;ExxonMobil;Energy;Integrated Oil & Gas;23.11;10.01;8.48;41.6;3.0;93.17;2023;9;507282325504;0.878;7;2023-09-01
XYL;Xylem Inc.;Industrials;Industrial Machinery & Supplies & Components;4.27;8.66;5.19;18.13;1.0;20.92;2023;9;32338771968;1.037;3;2023-09-01
YUM;Yum! Brands;Consumer Discretionary;Restaurants;4.53;11.45;4.12;20.1;2.0;28.34;2023;9;37833572352;1.081;2;2023-09-01
ZBH;Zimmer Biomet;Health Care;Health Care Equipment;3.6;14.52;7.89;26.02;2.0;53.22;2023;9;21635987456;1.026;2;2023-09-01
ZTS;Zoetis;Health Care;Pharmaceuticals;3.24;6.81;8.72;18.77;2.0;23.36;2023;9;88666619904;0.883;3;2023-09-01
